Package,Gerenal,Percentage,GameTimes
joyGod,joy_shendianwei,100.0,1
YJCM,zhonghui,100.0,1
wolf1411,langguanyu,0,0
wolf1411,langzhangfei,0,0
wolf1411,langmadai,0,0
wolf1411,langmateng,0,0
wolf1411,langliubei,0,0
wolf1411,langmachao,0,0
wolf1411,langmaxiumatie,0,0
wolf1411,langlvbu,0,0
YCZH2017,mobile_jikang,0,0
YCZH2017,tenyear_xinxianying,0,0
YCZH2017,jikang,0,0
YCZH2017,xuezong,0,0
YCZH2017,xinxianying,0,0
YCZH2017,xushi,0,0
YCZH2017,wuxian,0,0
YCZH2017,caojie,0,0
YCZH2017,ol_xinxianying,0,0
YCZH2017,caiyong,0,0
YCZH2017,qinmi,0,0
blood,neo_sunce,0,0
blood,blood_sunbofu,0,0
blood,blood_zhaozilong,0.0,1
mobileyan,mobileyan_zhangchangpu,0,0
mobileyan,mobileyan_cuiyan,0,0
mobileyan,mobileyan_jiangwan,0,0
mobileyan,mobileyan_jiangqin,0,0
tenyearGod,ty_shenmachao,0,0
tenyearGod,ty_shenjiangwei,0,0
tenyearGod,ty_shenjiangweiBN,0,0
scarlet,s4_txbw_xuchu,0,0
scarlet,s4_cloud_zhangliao,0,0
scarlet,s4_txbw_pangde,0,0
scarlet,s4_txbw_simayi,0,0
scarlet,s4_txbw_xuhuang,0,0
scarlet,s4_txbw_yujin,0,0
scarlet,s4_txbw_dengai,0,0
scarlet,s4_txbw_dianwei,0,0
scarlet,s4_lubu,0,0
scarlet,s4_txbw_caocao,0,0
scarlet,s4_cloud_sunquan,0,0
scarlet,s4_txbw_zhanghe,0,0
scarlet,s4_txbw_zhangliao,0,0
scarlet,s4_cloud_huangzhong,0,0
scarlet,s4_txbw_caoren,0,0
mobilemouneng,mobilemou_huaxiong,0,0
Yin,ol_sunliang,0,0
Yin,wangping,0,0
Yin,luzhi,0,0
Yin,wangji,0,0
Yin,kuailiangkuaiyue,0,0
Yin,sunliang,0,0
Yin,yanyan,0,0
Yin,ol_luzhi,0,0
Yin,yin_xuyou,0,0
Yin,luji,0,0
yinhu,yh_shencaiwenji,0,0
yinhu,yh_liumu,0,0
yinhu,yh_caocao,0,0
yinhu,yh_zhugeliang,0,0
yinhu,yh_liufuren,0,0
yinhu,yh_nvzhuangsimayi,0,0
yinhu,yh_xunyu,0,0
yinhu,yh_wangfan,0,0
yinhu,yh_sunlubansunluyu,0,0
yinhu,yh_cuifuren,0,0
yinhu,yh_shenxuchu,0,0
yinhu,yh_weihuacun,0,0
yinhu,yh_zhangwenyuan,0,0
yinhu,yh_liushan,0,0
yinhu,yh_shenmachao,0,0
yinhu,yh_sunquan,0,0
yinhu,yh_dingfuren,0,0
yinhu,yh_jiananfeng,0,0
yinhu,yh_zhanghua,0,0
yinhu,yh_zhenji,0,0
yinhu,yh_chenshou,0,0
yinhu,yh_liuguanzhang,0,0
yinhu,yh_zhupeilan,0,0
yinhu,yh_shenerqiao,0,0
wisdom,wis_huaxiong,0,0
wisdom,wis_xuyou,0,0
wisdom,wis_jiangwei,0,0
wisdom,wis_shuijing,0,0
wisdom,wis_jiangwan,0,0
wisdom,wis_sunce,0,0
wisdom,wis_tianfeng,0,0
wisdom,wis_zhangzhao,0,0
OLJXTP,second_ol_sunjian,0,0
OLJXTP,ol_zuoci,0,0
OLJXTP,ol_xuhuang,0,0
OLJXTP,ol_taishici,0,0
OLJXTP,ol_pangtong,0,0
OLJXTP,ol_sunce,0,0
OLJXTP,ol_lvmeng,0,0
OLJXTP,ol_zhangjiao,0,0
OLJXTP,second_ol_zhangjiao,0,0
OLJXTP,ol_zhanghe,0,0
OLJXTP,ol_sunjian,0,0
OLJXTP,ol_zhangfei,0,0
OLJXTP,ol_yuji,0,0
OLJXTP,ol_xunyu,0,0
OLJXTP,ol_sunquan,0,0
OLJXTP,ol_caocao,0,0
OLJXTP,ol_wolong,0,0
OLJXTP,ol_jie_caiwenji,0,0
OLJXTP,ol_pangde,0,0
OLJXTP,ol_gongsunzan,0,0
OLJXTP,ol_zhaoyun,0,0
OLJXTP,second_ol_yuanshao,0,0
OLJXTP,ol_yuanshao,0,0
OLJXTP,ol_liubei,0,0
OLJXTP,ol_xiahouyuan,0,0
OLJXTP,second_ol_taishici,0,0
OLJXTP,ol_dengai,0,0
OLJXTP,ol_jiangwei,0,0
OLJXTP,ol_xiaoqiao,0,0
OLJXTP,ol_dongzhuo,0,0
OLJXTP,ol_menghuo,0,0
OLJXTP,ol_zhurong,0,0
OLJXTP,ol_dianwei,0,0
OLJXTP,ol_weiyan,0,0
OLJXTP,ol_liushan,0,0
BGM,bgm_pangtong,0,0
BGM,bgm_caoren,0,0
BGM,bgm_xiahoudun,0,0
BGM,bgm_liubei,0,0
BGM,bgm_diaochan,0,0
BGM,bgm_zhangfei,0,0
BGM,bgm_zhaoyun,0,0
BGM,bgm_daqiao,0,0
BGM,bgm_lvmeng,0,0
BGM,bgm_ganning,0,0
YCZH2016,huanghao,0,0
YCZH2016,sundeng,0,0
YCZH2016,zhangrang,0,0
YCZH2016,liuyu,0,0
YCZH2016,tenyear_zhangrang,0,0
YCZH2016,guohuanghou,0,0
YCZH2016,tenyear_liuyu,0,0
YCZH2016,cenhun,0,0
YCZH2016,liyan,0,0
YCZH2016,sunziliufang,0,0
Taiwan_yjcm,twyj_caoang,0,0
Taiwan_yjcm,twyj_xiahouba,0,0
Taiwan_yjcm,twyj_zumao,0,0
newgenerals,ol_wangrong,0,0
newgenerals,zongyu,0,0
newgenerals,shenxunyu,0,0
newgenerals,jin_zuofen,0,0
newgenerals,shenguojia,0,0
newgenerals,nanhualaoxian,0,0
newgenerals,ol_qiaozhou,0,0
newgenerals,nos_jin_yangyan,0,0
newgenerals,ol_mazhong,0,0
newgenerals,shentaishici,0,0
newgenerals,ol_dengzhi,0,0
newgenerals,second_liuqi,0,0
newgenerals,tenyear_panshu,0,0
newgenerals,shensunce,0,0
newgenerals,ol_jiaxu,0,0
newgenerals,caoanmin,0,0
newgenerals,dufuren,0,0
newgenerals,qiaozhou,0,0
newgenerals,ol_lusu,0,0
newgenerals,nos_jin_yangzhi,0,0
newgenerals,yuanhuan,0,0
newgenerals,mobile_chenwudongxi,0,0
newgenerals,mobile_wenyang,0,0
newgenerals,tenyear_new_sp_jiaxu,0,0
newgenerals,second_tangji,0,0
diyguanyupac,luadiyguanyu,0,0
YJCM2015,caoxiu,0,0
YJCM2015,new_caorui,0,0
YJCM2015,caorui,0,0
YJCM2015,zhangyi,0,0
YJCM2015,guotufengji,0,0
YJCM2015,yj_xiahoushi,0,0
YJCM2015,sunxiu,0,0
YJCM2015,liuchen,0,0
YJCM2015,ol_liuchen,0,0
YJCM2015,new_quancong,0,0
YJCM2015,zhuzhi,0,0
YJCM2015,zhongyao,0,0
YJCM2015,new_zhuzhi,0,0
YJCM2015,gongsunyuan,0,0
YJCM2015,quancong,0,0
YJCM2015,ol_sunxiu,0,0
YJCM2015,new_caoxiu,0,0
OLGod,ol_shencaopi,0,0
OLGod,ol_shenzhenji,0,0
sp8,wumiao_zhugeliang,0,0
kancolle,kan_yudachi,0,0
sp6,caomao,0,0
sp6,chengui,0,0
sp6,tengfanglan,0,0
sp6,tenyear_huangquan,0,0
sp6,tenyear_huangzu,0,0
sp6,laiyinger,0,0
sp6,tenyear_zhaoyanw,0,0
sp6,huban,0,0
sp6,zhaoang,0,0
sp6,gongsundu,0,0
sp6,huojun,0,0
sp6,weizi,0,0
sp6,wangchang,0,0
sp6,yinfuren,0,0
sp6,chenjiao,0,0
sp6,xiahoulingnv,0,0
sp6,tenyear_sunru,0,0
sp6,zhaoyanw,0,0
sp6,zhangxuan,0,0
sp6,tenyear_gaolan,0,0
sp6,tenyear_liuye,0,0
sp6,liyixiejing,0,0
sp6,zhangxun,0,0
sp6,huzhao,0,0
sp6,guanhai,0,0
sp6,ruiji,0,0
sp6,dengzhong,0,0
sp6,niufu,0,0
sp6,dukui,0,0
sp6,fengfang,0,0
sp6,tenyear_yanghu,0,0
sp6,qinyilu,0,0
sp6,wangwei,0,0
sp6,bianxi,0,0
sp6,mushun,0,0
sp6,sp_wanglie,0,0
mobilemouyu,mobilemou_huangzhong,0,0
mobilemouyu,mobilemou_yujin,0,0
mobilemouyu,mobilemou_lvmeng,0,0
sp,ol_sunhao,0,0
sp,simalang,0,0
sp,huangjinleishi,0,0
sp,lvqian,0,0
sp,tenyear_xiahouba,0,0
sp,litong,0,0
sp,beimihu,0,0
sp,caohong,0,0
sp,caoang,0,0
sp,mobile_zhaoxiang,0,0
sp,tenyear_dongbai,0,0
sp,sp_dingfeng,0,0
sp,maliang,0,0
sp,zumao,0,0
sp,sp_hetaihou,0,0
sp,erqiao,0,0
sp,second_tenyear_baosanniang,0,0
sp,sp_wenpin,0,0
sp,xiahouba,0,0
sp,guanyinping,0,0
sp,zhangqiying,0,0
sp,mobile_baosanniang,0,0
sp,chengyu,0,0
sp,tenyear_zhangqiying,0,0
sp,tenyear_erqiao,0,0
sp,caochun,0,0
sp,quyi,0,0
sp,xingcai,0,0
sp,ol_sp_gongsunzan,0,0
sp,xurong,0,0
sp,tenyear_baosanniang,0,0
sp,yangxiu,0,0
sp,fuwan,0,0
sp,sunqian,0,0
sp,sunluyu,0,0
sp,ol_caochun,0,0
sp,gongsunzan,0,0
sp,guansuo,0,0
sp,zhangbao,0,0
sp,ol_guansuo,0,0
sp,sp_panfeng,0,0
sp,xiahoushi,0,0
sp,tenyear_guansuo,0,0
sp,baosanniang,0,0
sp,liuxie,0,0
sp,sp_ganfuren,0,0
sp,xizhicai,0,0
sp,dongbai,0,0
sp,yuanshu,0,0
sp,sunhao,0,0
sp,caoying,0,0
sp,sp_guanyu,0,0
sp,zhugedan,0,0
sp,sp_yuejin,0,0
sp,yanbaihu,0,0
sp,duji,0,0
sp,ol_baosanniang,0,0
sp,tenyear_zhaoxiang,0,0
sp,ol_erqiao,0,0
sp,zhaoxiang,0,0
sp,chenlin,0,0
sp,ol_zhaoxiang,0,0
sp,ol_zhugedan,0,0
sp,lingju,0,0
BGMDIY,diy_wangyuanji,0,0
BGMDIY,diy_liuxie,0,0
BGMDIY,diy_simazhao,0,0
BGMDIY,diy_gongsunzan,0,0
Special1v1,kof_nos_guanyu,0,0
Special1v1,kof_nos_diaochan,0,0
Special1v1,kof_nos_lvmeng,0,0
Special1v1,kof_huangzhong,0,0
Special1v1,kof_jiangwei,0,0
Special1v1,kof_weiyan,0,0
Special1v1,kof_nos_zhangliao,0,0
Special1v1,kof_nos_liubei,0,0
Special1v1,kof_zhurong,0,0
Special1v1,kof_menghuo,0,0
Special1v1,kof_nos_xuchu,0,0
Special1v1,kof_sunshangxiang,0,0
Special1v1,kof_nos_huatuo,0,0
Special1v1,kof_nos_daqiao,0,0
Special1v1,kof_xiahouyuan,0,0
Special1v1,kof_nos_huangyueying,0,0
Special1v1,kof_zhenji,0,0
h_momentum,heg_sunce,0,0
h_momentum,zangba,0,0
h_momentum,chenwudongxi,0,0
h_momentum,zhangren,0,0
h_momentum,heg_dongzhuo,0,0
h_momentum,mifuren,0,0
thicket,jiaxu,0,0
thicket,caopi,0,0
thicket,sunjian,0,0
thicket,xuhuang,0,0
thicket,zhurong,0,0
thicket,dongzhuo,0,0
thicket,lusu,0,0
thicket,menghuo,0,0
h_formation,heg_dengai,0,0
h_formation,jiangqin,0,0
h_formation,heg_xusheng,0,0
h_formation,heg_caohong,0,0
h_formation,heg_yuji,0,0
h_formation,heg_jiangwei,0,0
h_formation,jiangwanfeiyi,0,0
mobileyong,mobileyong_huaman,0,0
mobileyong,mobileyong_gaolan,0,0
mobileyong,mobileyong_sunyi,0,0
mobileGod,f_shentaishicii,0,0
mobileGod,f_shensunce,0,0
mobileGod,os_shenguanyu,0,0
mobileGod,zhangzhongjing_first,0,0
mobileGod,f_shentaishici,0,0
mobileGod,f_shenxunyu,0,0
mobileGod,f_shenguojia,0,0
mountain,erzhang,0,0
mountain,zhanghe,0,0
mountain,liushan,0,0
mountain,caiwenji,0,0
mountain,jiangwei,0,0
mountain,dengai,0,0
mountain,sunce,0,0
mountain,zuoci,0,0
newstar,xingzhouyu,0,0
newstar,xingzhaoyun,0,0
newstar,xinglvbu_o,0,0
newstar,xingluxun,0,0
newstar,xinglvbu,0.0,1
newstar,xingguojia,0,0
newstar,xingcaocao,0,0
newstar,xingzhaoyun_o,0,0
newstar,xingsimayi,0,0
newstar,xingzhugeliang,0,0
new,luazg,0,0
new,luachenggeng,0,0
new,luaqiqi,0,0
new,luaguanyu,0,0
new,luajiaxu,0,0
new,luazhangjiao,0,0
new,luayiheng,0,0
yitian,caizhaoji,0,0
yitian,zhanggongqi,0,0
yitian,yitianjian,0,0
yitian,yt_caochong,0,0
yitian,xiahoujuan,0,0
yitian,luboyan,0,0
yitian,yt_shencaocao,0,0
yitian,jiawenhe,0,0
yitian,dengshizai,0,0
yitian,guzhielai,0,0
yitian,panglingming,0,0
yitian,zhongshiji,0,0
yitian,jiangboyue,0,0
yitian,zhangjunyi,0,0
yitian,jinxuandi,0,0
yitian,lukang,0,0
mobilemoushi,mobilemou_machao,0,0
mobilemoushi,mobilemou_xuhuang,0,0
meizl,meizlshenzhenji,0,0
meizl,meizlguonvwang,0,0
meizl,meizlsunru,0,0
meizl,meizlzhenji,0,0
meizl,meizlmifuren,0,0
meizl,meizldushi,0,0
meizl,meizlsunluban,0,0
meizl,meizldaqiao,0,0
meizl,meizlwangyuanji,0,0
meizl,mspzhurong,0,0
meizl,meizlsesunluban,0,0
meizl,meizlfushou,0,0
meizl,meizlhuangdiewu,0,0
meizl,meizlshenwangyi,0,0
meizl,meizlsezhangchunhua,0,0
meizl,meizlwangyue,0,0
meizl,meizlsecaifuren,0,0
meizl,meizlbainfuren,0,0
meizl,meizlxiaoqiao,0,0
meizl,meizlzhangchunhua,0,0
meizl,meizlbulianshi,0,0
meizl,meizlshendaqiao,0,0
meizl,meizlyanshi,0,0
meizl,meizlcaiwenji,0,0
meizl,meizldongbai,0,0
meizl,meizldingfuren,0,0
meizl,meizlluyusheng,0,0
meizl,meizlsunluyu,0,0
meizl,newmspgodzhenji,0,0
meizl,meizlshenzhangxingcai,0,0
meizl,meizldiaochan,0,0
meizl,meizlshenguanyinping,0,0
meizl,meispdiaochan,0,0
meizl,meizlcaifuren,0,0
meizl,meizlzhurong,0,0
meizl,meizlmayunlu,0,0
meizl,meizlwuguotai,0,0
meizl,newmspcaiwenji,0,0
meizl,meizlsedaqiao,0,0
meizl,meizlfanshi,0,0
meizl,meispniangzhaoyun,0,0
meizl,meizlsedongbai,0,0
meizl,meizlzhugeguo,0,0
meizl,meizllvlingqi,0,0
meizl,meizlyangwan,0,0
meizl,meispnianglvbu,0,0
meizl,meizlshenhuangyueying,0,0
meizl,meizlwangyi,0,0
meizl,meizlshensunshangxiang,0,0
meizl,meizlselvlingqi,0,0
meizl,meizlshendiaochan,0,0
meizl,meizlseguonvwang,0,0
meizl,meizlhuangyueying,0,0
meizl,meizlxinxianying,0,0
YJCM2014,ol_wuyi,0,0
YJCM2014,sunluban,0,0
YJCM2014,zhangsong,0,0
YJCM2014,jvshou,0,0
YJCM2014,chenqun,0,0
YJCM2014,zhoucang,0,0
YJCM2014,new_zhuhuan,0,0
YJCM2014,zhuhuan,0,0
YJCM2014,caifuren,0,0
YJCM2014,new_caozhen,0,0
YJCM2014,guyong,0,0
YJCM2014,caozhen,0,0
YJCM2014,wuyi,0,0
YJCM2014,new_zhoucang,0,0
YJCM2014,hanhaoshihuan,0,0
YJCM2014,new_chenqun,0,0
mobilezhi,mobilezhi_feiyi,0,0
mobilezhi,mobilezhi_sunshao,0,0
mobilezhi,mobilezhi_wangcan,0,0
mobilezhi,second_mobilezhi_sunshao,0,0
mobilezhi,mobilezhi_bianfuren,0,0
mobilezhi,mobilezhi_luotong,0,0
mobilezhi,mobilezhi_xunchen,0,0
mobilezhi,third_mobilezhi_sunshao,0,0
mobilezhi,mobilezhi_duyu,0,0
mobilezhi,second_mobilezhi_xunchen,0,0
mobilezhi,mobilezhi_chenzhen,0,0
god,shenguanyu,0,0
god,new_shenzhaoyun,0,0
god,shenganning,0,0
god,shenluxun,0,0
god,shencaocao,0,0
god,shenzhangliao,0,0
god,shenzhangfei,0,0
god,ol_shenguanyu,0,0
god,shenlvbu,0,0
god,shenliubei,0,0
god,shenzhaoyun,0,0
god,new_shencaocao,0,0
god,shenlvmeng,0,0
god,shenjiangwei,0,0
god,shenmachao,0,0
god,shenzhouyu,0,0
god,shensimayi,0,0
god,shenzhugeliang,0,0
god,ol_shenzhangliao,0,0
miscellaneous,caesar,0,0
miscellaneous,hanba,0,0
guo,jin_xuangongzhu,0,0
guo,jin_simazhao,0,0
guo,jin_wangyuanji,0,0
guo,jin_weiguan,0,0
guo,jin_duyu,0,0
Special3v3Ext,wenpin,0,0
Special3v3Ext,zhugejin,0,0
Special1v1Ext,hansui,0,0
Special1v1Ext,niujin,0,0
Special1v1Ext,hejin,0,0
OverseasVersion,ov_puyangxing,0,0
OverseasVersion,ov_dongzhao,0.0,1
OverseasVersion,ov_gongsunfan,0,0
OverseasVersion,ov_chengpu,0,0
OverseasVersion,ov_zhugeguo,0,0
OverseasVersion,ov_xiahouen,0,0
OverseasVersion,ov_zhanhe,0,0
OverseasVersion,ov_xiahouzie,0,0
OverseasVersion,ov_zhangxiu,0,0
OverseasVersion,ov_zhangfei,0,0
OverseasVersion,ov_tianyu,0,0
OverseasVersion,ov_chenzhen,0,0
OverseasVersion,ov_liuyu,0,0
OverseasVersion,ov_wangcang,0,0
OverseasVersion,ov_yujin,0,0
OverseasVersion,ov_xiahoushang,0,0
OverseasVersion,ov_zhanglu,0,0
OverseasVersion,ov_duosidawang,0,0
OverseasVersion,ov_liufuren,0,0
OverseasVersion,ov_zangba,0,0
OverseasVersion,ov_wangling,0,0
OverseasVersion,ov_qiaorui,0,0
OverseasVersion,ov_caoxiu,0,0
OverseasVersion,ov_hucheer,0,0
OverseasVersion,ov_lusu,0,0
OverseasVersion,ov_zhangji,0,0
OverseasVersion,ov_guanqiujian,0,0
OverseasVersion,ov_baoxin,0,0
OverseasVersion,ov_chenwudongxi,0,0
OverseasVersion,ov_fuwan,0,0
OverseasVersion,ov_jiangji,0,0
OverseasVersion,ov_zhaoe,0,0
OverseasVersion,ov_dianwei,0,0
OverseasVersion,ov_bingyuan,0,0
OverseasVersion,ov_xushu,0,0
OverseasVersion,ov_simashi,0,0
OverseasVersion,ov_qiaogong,0,0
OverseasVersion,ov_gexuan,0,0
OverseasVersion,ov_wangcan,0,0
OverseasVersion,ov_xunchen,0,0
OverseasVersion,ov_mayulu,0.0,1
OverseasVersion,ov_liuyao,0,0
OverseasVersion,ov_niujin,0,0
OverseasVersion,ov_huojun,0,0
OverseasVersion,ov_bianfuren,0,0
OverseasVersion,ov_handang,0,0
OverseasVersion,ov_wangyue,0,0
OverseasVersion,ov_zhangning,0,0
OverseasVersion,ov_feiyi,0,0
OverseasVersion,ov_zhouchu,0,0
OverseasVersion,ov_madai,0,0
OverseasVersion,ov_menghuo,0,0
OverseasVersion,ov_shenlvmeng,0,0
OverseasVersion,ov_furong,0,0
OverseasVersion,ov_zhangnan,0,0
OverseasVersion,ov_jianshuo,0,0
OverseasVersion,ov_hejin,0,0
OverseasVersion,ov_sunjian,0,0
OverseasVersion,ov_wuban,0,0
OverseasVersion,ov_caohong,0,0
OverseasVersion,ov_mazhong,0,0
OverseasVersion,ov_caocao,0,0
OverseasVersion,ov_niufudongxie,0,0
OverseasVersion,ov_caozhao,0,0
OverseasVersion,ov_fazheng,0,0
OverseasVersion,ov_xujing,0,0
OverseasVersion,ov_fengxi,0,0
OverseasVersion,ov_yufuluo,0,0
OverseasVersion,ov_wujing,0,0
OverseasVersion,ov_huchuquan,0,0
OverseasVersion,ov_sunshao,0,0
OverseasVersion,ov_liyan,0,0
OverseasVersion,ov_yuejiu,0,0
OverseasVersion,ov_weixu,0,0
OverseasVersion,ov_shenguanyu,0,0
OverseasVersion,ov_mateng,0,0
OverseasVersion,ov_haomeng,0,0
OverseasVersion,ov_tongyuan,0,0
OverseasVersion,ov_beimihu,0,0
OverseasVersion,ov_liyi,0,0
OverseasVersion,ov_fanchou,0,0
OverseasVersion,ov_zhangmancheng,0,0
OverseasVersion,ov_yanxiang,0,0
OverseasVersion,ov_liuxie,0,0
OverseasVersion,ov_sunluban,0,0
OverseasVersion,ov_fuhuanghou,0,0
OverseasVersion,ov_sunyi,0,0
OverseasVersion,ov_jiachong,0,0
OverseasVersion,ov_yangang,0,0
OverseasVersion,ov_jiling,0,0
OverseasVersion,ov_liuhong,0,0
OverseasVersion,ov_guohuai,0,0
bei,jin_yanghuiyu,0,0
bei,jin_shibao,0,0
bei,jin_simashi,0,0
bei,jin_zhanghuyuechen,0,0
bei,jin_xiahouhui,0,0
joyGod,joy_shenzhangliao,0,0
joyGod,joy_shenhuatuo,0,0
joyGod,joy_shensunquan,0,0
jie-package,jin_xinchang,0,0
jie-package,jin_jiachong,0,0
jie-package,jin_wangxiang,0,0
jie-package,jin_zhongyan,0,0
sp2,tenyear_wutugu,0,0
sp2,liuyao,0,0
sp2,caoshuang,0,0
sp2,dengzhi,0,0
sp2,tenyear_dongcheng,0,0
sp2,huangfusong,0,0
sp2,shenpei,0,0
sp2,second_sp_zhangyi,0,0
sp2,mobile_shenpei,0,0
sp2,second_caoshuang,0,0
sp2,yanghuiyu,0,0
sp2,simashi,0,0
sp2,new_mobile_maliang,0,0
sp2,sp_zhangyi,0,0
sp2,ol_tadun,0,0
sp2,second_yanghuiyu,0,0
sp2,tenyear_fanchou,0,0
sp2,caoxing,0,0
sp2,nanshengmi,0,0
sp2,ol_new_spmachao,0,0
sp2,furong,0,0
sp2,xingganning,0,0
sp2,guosi,0,0
sp2,tenyear_zhangbao,0,0
sp2,second_new_sp_jiaxu,0,0
sp2,tenyear_xunchen,0,0
sp2,tenyear_liuzan,0,0
sp2,yangbiao,0,0
sp2,second_xingganning,0,0
sp2,second_gaolan,0,0
sp2,new_sphetaihou,0,0
sp2,mobile_sunru,0,0
sp2,pangdegong,0,0
sp2,mobile_sufei,0,0
sp2,lijue,0,0
sp2,dongcheng,0,0
sp2,xingxuhuang,0,0
sp2,new_spmachao,0,0
sp2,wangcan,0,0
sp2,dingyuan,0,0
sp2,new_zhangbao,0,0
sp2,sp_zhangji,0,0
sp2,zhangliang,0,0
sp2,gaolan,0,0
sp2,sp_lingju,0,0
sp2,sp_caoren,0,0
sp2,tadun,0,0
sp2,yuantanyuanshang,0,0
sp2,new_sppangde,0,0
sp2,new_guanyinping,0,0
sp2,second_tenyear_dongcheng,0,0
sp2,mobile_yuanshu,0,0
sp2,simahui,0,0
sp2,taoqian,0,0
sp2,tenyear_new_spmachao,0,0
sp2,xingzhanghe,0,0
sp2,sp_zhangliao,0,0
sp2,xunchen,0,0
sp2,xingzhangliao,0,0
sp2,fanchou,0,0
sp2,sp_hejin,0,0
sp2,liuyan,0,0
sp2,new_sp_jiaxu,0,0
sp2,wutugu,0,0
sp2,sp_taishici,0,0
sp2,new_maliang,0,0
sp2,lisu,0,0
sp2,mangyachang,0,0
sp2,xingdaorong,0,0
mobilemouzhi,mobilemou_sunquan,0,0
sp4,mifangfushiren,0,0
sp4,second_qiuliju,0,0
sp4,ol_wangyun,0,0
sp4,mayuanyi,0,0
sp4,simafu,0,0
sp4,second_duanwei,0,0
sp4,duxi,0,0
sp4,heyan,0,0
sp4,zhouqun,0,0
sp4,zhouyi,0,0
sp4,tenyear_zhugeguo,0,0
sp4,zhangning,0,0
sp4,second_ol_wangyun,0,0
sp4,liangxing,0,0
sp4,qiuliju,0,0
sp4,wanniangongzhu,0,0
sp4,tenyear_zoushi,0,0
sp4,gaogan,0,0
sp4,second_zhanghu,0,0
sp4,second_sp_niujin,0,0
sp4,zhanghu,0,0
sp4,new_lifeng,0,0
sp4,luyusheng,0,0
sp4,duanwei,0,0
sp4,liuyong,0,0
sp4,huaxin,0,0
sp4,fengfangnv,0,0
sp4,second_sp_tongyuan,0,0
sp4,yanpu,0,0
sp4,lvkuanglvxiang,0,0
sp4,yangwan,0,0
sp4,new_liuxie,0,0
sp4,tenyear_lvkuanglvxiang,0,0
sp4,tenyear_huangchengyan,0,0
sp4,tenyear_wangyun,0,0
sp4,mobile_wangyun,0,0
sp4,sp_tongyuan,0,0
sp4,tangji,0,0
sp4,bianfuren,0,0
sp4,huangchengyan,0,0
sp4,sp_niujin,0,0
Happy2v2,wulan,0,0
Happy2v2,leitong,0,0
mobileren,mobileren_liuzhang,0,0
mobileren,mobileren_caizhenji,0,0
mobileren,mobileren_huaxin,0,0
mobileren,mobileren_xujing,0,0
mobileren,mobileren_xiangchong,0,0
OL,ol_wangyi,0,0
OL,ol_sun1uyu,0,0
OL,ol_caozhi,0,0
OL,ol_bulianshi,0,0
OL,ol_xusheng,0,0
OL,ol_yujin,0,0
OL,mayunlu,0,0
OL,zhugeke,0,0
OL,ol_caiwenji,0,0
OL,ol_madai,0,0
OL,ol_ii_caiwenji,0,0
OL,liuzan,0,0
OL,ol_xiahoudun,0,0
OL,olmasu,0,0
OL,lingcao,0,0
OL,zhugeguo,0,0
OL,ol_yuanshu,0,0
OL,ol_sunluyu,0,0
OL,ol_xingcai,0,0
OL,sunru,0,0
OL,zhanglu,0,0
OL,shixie,0,0
OL,lifeng,0,0
OL,zhuling,0,0
biaofeng_six,LiuYe_Seven,0,0
biaofeng_six,CaoAng_Six,0,0
biaofeng_six,XuYou_Seven,0,0
biaofeng_six,DongZhao_Six,0,0
biaofeng_six,GuYong_Six,0,0
biaofeng_six,SiMaYi_Seven,0,0
biaofeng_six,SunJun_Seven,0,0
biaofeng_six,JuShou_Six,0,0
biaofeng_six,LiuBei_Seven,0,0
biaofeng_six,CaoRen_Six,0,0
biaofeng_six,ZhuGeDan_Seven,0,0
biaofeng_six,ChengPu_Six,0,0
biaofeng_six,ZhaoYun_Six,0,0
biaofeng_six,SunCe_Plus,0,0
biaofeng_six,LiuYe_Six,0,0
biaofeng_six,ZhangFei_Six,0,0
biaofeng_six,JiangWan_Six,0,0
biaofeng_six,CaoAng_Seven,0,0
biaofeng_six,HeJin_Six,0,0
biaofeng_six,ZhouYu_Seven,0,0
biaofeng_six,MaLiang_Seven,0,0
biaofeng_six,SiMaYi_Six,0,0
biaofeng_six,XuChu_Six,0,0
biaofeng_six,ZhuZhi_Seven,0,0
biaofeng_six,ZhangLu_Seven,0,0
biaofeng_six,SunYi_Seven,0,0
biaofeng_six,ChenDao_Six,0,0
biaofeng_six,SunLuBan_Six,0,0
biaofeng_six,WangZiFu_Six,0,0
biaofeng_six,CaoZhen_Seven,0,0
biaofeng_six,PangDe_Six,0,0
biaofeng_six,CaoCao_six,0,0
biaofeng_six,GuoJia_Six,0,0
biaofeng_six,LiuBei_Six,0,0
biaofeng_six,WeiYan_Seven,0,0
biaofeng_six,ChengYu_Six,0,0
biaofeng_six,WangPing_Six,0,0
biaofeng_six,PangTong_Six,0,0
biaofeng_six,ShiChangShi_Seven,0,0
biaofeng_six,MiFuRen_Six,0,0
biaofeng_six,ZuMao_Seven,0,0
biaofeng_six,liuxie_Seven,0,0
biaofeng_six,XuShaoXuQian_Seven,0,0
biaofeng_six,MaZhong_Seven,0,0
biaofeng_six,LiYan_Six,0,0
biaofeng_six,XiLu_Seven,0,0
biaofengold,GuanYu_Four,0,0
biaofengold,WoLongZhuGeLiang_Four,0,0
biaofengold,YuJi_Four,0,0
biaofengold,XiaoQiaoA_Four,0,0
biaofengold,XiaHouDun_Four,0,0
biaofengold,ZhangJiaoB_Five,0,0
biaofengold,GanNing_Four,0,0
biaofengold,ZhangJiao_Four,0,0
biaofengold,ZhangJiaoA_Five,0,0
biaofengold,GanNingA_Four,0,0
biaofengold,PangTong_Four,0,0
biaofengold,CaoCao_Four,0,0
biaofengold,ZhouYu_Four,0,0
biaofengold,GanNingB_Four,0,0
biaofengold,XiaHouBa_Diy,0,0
biaofengold,ZhouYu_Five,0,0
li,ol_huaxin,0,0
li,jin_zhangchunhua,0,0
li,jin_simayi,0,0
li,jin_simazhou,0,0
li,cheliji,0,0
li,ol_lisu,0,0
li,second_jin_simayi,0,0
li,second_jin_simazhou,0,0
du,duGanning,0,0
du,duCaocao,0,0
du,duGuanyu,0,0
du,duLejin,0,0
du,duDongzhuo,0,0
du,duDiaochan,0,0
du,duSunjian,0,0
fire,wolong,0,0
fire,yuanshao,0,0
fire,pangtong,0,0
fire,yanliangwenchou,0,0
fire,taishici,0,0
fire,xunyu,0,0
fire,pangde,0,0
fire,dianwei,0,0
JXTP,tenyear_huatuo,0,0
JXTP,tenyear_handang,0,0
JXTP,tenyear_guohuai,0,0
JXTP,tenyear_zhuran,0,0
JXTP,tenyear_xusheng,0,0
JXTP,tenyear_diaochan,0,0
JXTP,tenyear_sunxiu,0,0
JXTP,tenyear_liubei,0,0
JXTP,tenyear_huangzhong,0,0
JXTP,second_tenyear_guohuai,0,0
JXTP,tenyear_lingtong,0,0
JXTP,tenyear_xiahoudun,0,0
JXTP,tenyear_masu,0,0
JXTP,second_tenyear_gaoshun,0,0
JXTP,tenyear_zhangchunhua,0,0
JXTP,tenyear_zhoucang,0,0
JXTP,second_tenyear_chengpu,0,0
JXTP,tenyear_xiahouyuan,0,0
JXTP,tenyear_zhugeliang,0,0
JXTP,tenyear_xuchu,0,0
JXTP,tenyear_caoren,0,0
JXTP,tenyear_quancong,0,0
JXTP,tenyear_chengpu,0,0
JXTP,tenyear_yujin,0,0
JXTP,tenyear_fazheng,0,0
JXTP,tenyear_jianyong,0,0
JXTP,tenyear_guojia,0,0
JXTP,tenyear_lvbu,0,0
JXTP,tenyear_gongsunyuan,0,0
JXTP,tenyear_guyong,0,0
JXTP,tenyear_xuhuang,0,0
JXTP,tenyear_zhangfei,0,0
JXTP,tenyear_hanhaoshihuan,0,0
JXTP,tenyear_yangxiu,0,0
JXTP,second_tenyear_zhangyi,0,0
JXTP,tenyear_sunluban,0,0
JXTP,second_tenyear_yujin,0,0
JXTP,tenyear_liubiao,0,0
JXTP,tenyear_panzhangmazhong,0,0
JXTP,tenyear_sunquan,0,0
JXTP,tenyear_zhangyi,0,0
JXTP,tenyear_caocao,0,0
JXTP,tenyear_zhenji,0,0
JXTP,tenyear_pangde,0,0
JXTP,tenyear_huaxiong,0,0
JXTP,tenyear_liaohua,0,0
JXTP,second_tenyear_caozhang,0,0
JXTP,tenyear_zhangliao,0,0
JXTP,tenyear_caozhen,0,0
JXTP,tenyear_weiyan,0,0
JXTP,tenyear_xiaoqiao,0,0
JXTP,tenyear_caifuren,0,0
JXTP,tenyear_panfeng,0,0
JXTP,tenyear_guotupangji,0,0
JXTP,tenyear_zhugeke,0,0
JXTP,tenyear_caozhang,0,0
JXTP,tenyear_wuyi,0,0
JXTP,tenyear_shixie,0,0
JXTP,tenyear_caoxiu,0,0
JXTP,tenyear_guanyu,0,0
JXTP,tenyear_gaoshun,0,0
JXTP,tenyear_sunhao,0,0
JXTP,tenyear_huangyueying,0,0
JXTP,tenyear_guanping,0,0
JXTP,tenyear_sunshangxiang,0,0
JXTP,tenyear_fuhuanghou,0,0
JXTP,tenyear_zhaoyun,0,0
sp1,mazhong,0.0,1
sp1,buzhi,0,0
sp1,sufei,0,0
sp1,jianggan,0,0
sp1,sp_pangtong,0,0
sp1,heqi,0,0
sp1,ol_heqi,0,0
sp1,huaman,0,0
sp1,zhanggong,0,0
sp1,mizhu,0,0
sp1,panjun,0,0
sp1,zhoufang,0,0
sp1,lvkai,0,0
sp1,sunshao,0,0
sp1,mobile_weiwenzhugezhi,0,0
sp1,xugong,0,0
sp1,tenyear_tangzi,0,0
sp1,lvdai,0,0
sp1,tenyear_kanze,0,0
sp1,wanglang,0,0
sp1,yanjun,0,0
sp1,second_huaman,0,0
sp1,liuqi,0,0
sp1,huangquan,0,0
sp1,jiakui,0,0
sp1,hujinding,0,0
sp1,wenyang,0,0
sp1,tenyear_hujinding,0,0
sp1,wangyuanji,0,0
sp1,kanze,0,0
sp1,zhaotongzhaoguang,0,0
sp1,shamoke,0,0
sp1,tangzi,0,0
sp1,dongyun,0,0
sp1,mobile_zhanggong,0,0
sp1,mobile_heqi,0,0
sp1,weiwenzhugezhi,0,0
sp1,xujing,0,0
sp1,xinpi,0,0
sp1,simazhao,0,0
sp1,wangshuang,0,0
sp1,sp_luzhi,0,0
sp1,zhangwen,0,0
sp1,new_jiakui,0,0
sp1,tenyear_wanglang,0,0
sp1,gexuan,0,0
sp1,tenyear_guanlu,0,0
sp1,sp_yiji,0,0
sp1,guanlu,0,0
sp5,wangtao,0,0
sp5,lvlingqi,0,0
sp5,tenyear_pangdegong,0,0
sp5,guanning,0,0
sp5,jin_yanghu,0,0
sp5,yanrou,0,0
sp5,haomeng,0,0
sp5,wufan,0,0
sp5,qinghegongzhu,0,0
sp5,caimaozhangyun,0,0
sp5,sp_zhanghe,0,0
sp5,maridi,0,0
sp5,tianyu,0,0
sp5,xiahoujie,0,0
sp5,zhangyao,0,0
sp5,jiping,0,0
sp5,dongzhao,0,0
sp5,maojie,0,0
sp5,caojinyu,0,0
sp5,wangyue,0,0
sp5,sunyi,0,0
sp5,tenggongzhu,0,0
sp5,caohua,0,0
sp5,sp_menghuo,0,0
sp5,tenyear_dengzhi,0,0
sp5,licaiwei,0,0
sp5,luotong,0,0
sp5,zhaoyan,0,0
sp5,tengyin,0,0
sp5,sp_wuyan,0,0
sp5,jin_guohuai,0,0
sp5,fengyu,0,0
sp5,miheng,0,0
sp5,fengxi,0,0
sp5,tenyear_zhuling,0,0
sp5,yanfuren,0,0
sp5,ol_zhuling,0,0
sp5,liuba,0,0
sp5,fanjiangzhangda,0,0
hegemony,mateng,0,0
hegemony,zoushi,0,0
hegemony,kongrong,0,0
hegemony,heg_luxun,0,0
hegemony,tianfeng,0,0
hegemony,jiling,0,0
Special3v3,vs_nos_zhaoyun,0,0
Special3v3,vs_nos_guanyu,0,0
Special3v3,vs_nos_xiahoudun,0,0
Special3v3,vs_nos_lvbu,0,0
Lei,lei_yuanshu,0,0
Lei,ol_guanqiujian,0,0
Lei,haozhao,0,0
Lei,zhoufei,0,0
Lei,lei_lukang,0,0
Lei,guanqiujian,0,0
Lei,zhugezhan,0,0
Lei,mobile_guanqiujian,0,0
Lei,chendao,0,0
Lei,zhangxiu,0,0
YJCM2012,wangyi,0,0
YJCM2012,chengpu,0,0
YJCM2012,guanxingzhangbao,0,0
YJCM2012,ol_liubiao,0,0
YJCM2012,handang,0,0
YJCM2012,liubiao,0,0
YJCM2012,second_wangyi,0,0
YJCM2012,xunyou,0,0
YJCM2012,bulianshi,0,0
YJCM2012,new_liubiao,0,0
YJCM2012,liaohua,0,0
YJCM2012,huaxiong,0,0
YJCM2012,madai,0,0
YJCM2012,caozhang,0,0
YJCM2022,kebineng,0,0
YJCM2022,lukai,0,0
YJCM2022,liwan,0,0
YJCM2022,zhugeshang,0,0
MobileJXTP,mobile_dengai,0,0
MobileJXTP,mobile_jushou,0,0
MobileJXTP,mobile_yujin,0,0
MobileJXTP,mobile_liaohua,0,0
MobileJXTP,mobile_sunxiu,0,0
MobileJXTP,mobile_pangtong,0,0
MobileJXTP,mobile_caifuren,0,0
MobileJXTP,mobile_guohuai,0,0
MobileJXTP,mobile_panzhangmazhong,0,0
MobileJXTP,mobile_sunjian,0,0
MobileJXTP,mobile_erzhang,0,0
MobileJXTP,mobile_sunce,0,0
MobileJXTP,mobile_jiangwei,0,0
MobileJXTP,mobile_handang,0,0
MobileJXTP,mobile_caiwenji,0,0
MobileJXTP,mobile_guyong,0,0
MobileJXTP,mobile_zhonghui,0,0
MobileJXTP,mobile_zhangfei,0,0
MobileJXTP,mobile_yanliangwenchou,0,0
MobileJXTP,mobile_yufan,0,0
MobileJXTP,mobile_lingtong,0,0
MobileJXTP,mobile_chenqun,0,0
MobileJXTP,mobile_jianyong,0,0
MobileJXTP,mobile_yuanshao,0,0
MobileJXTP,mobile_wolong,0,0
MobileJXTP,mobile_bulianshi,0,0
MobileJXTP,mobile_dongzhuo,0,0
MobileJXTP,mobile_wuguotai,0,0
MobileJXTP,mobile_zhurong,0,0
MobileJXTP,mobile_xusheng,0,0
MobileJXTP,mobile_xiahoudun,0,0
MobileJXTP,mobile_fuhuanghou,0,0
MobileJXTP,mobile_liushan,0,0
MobileJXTP,mobile_zhuran,0,0
MobileJXTP,mobile_zhoucang,0,0
MobileJXTP,mobile_menghuo,0,0
MobileJXTP,mobile_xunyu,0,0
MobileJXTP,mobile_caozhi,0,0
MobileJXTP,mobile_liru,0,0
MobileJXTP,mobile_liubiao,0,0
MobileJXTP,mobile_manchong,0,0
MobileJXTP,mobile_caopi,0,0
MobileJXTP,mobile_dianwei,0,0
MobileJXTP,mobile_zhoutai,0,0
MobileJXTP,mobile_chengpu,0,0
MobileJXTP,mobile_gaoshun,0,0
MobileJXTP,mobile_gongsunzan,0,0
maotu,yh_shencaopi,0,0
maotu,mt_luoxian,0,0
maotu,mt_zhaoshuang,0,0
maotu,mt_xiahouba,0,0
maotu,mt_wangjun,0,0
maotu,mt_zhugeshang,0,0
maotu,mt_weizhao,0,0
maotu,yh_shenzhouyu,0,0
maotu,mt_zhurong,0,0
maotu,mt_liubei,0,0
maotu,mt_simayan,0,0
maotu,mt_wenhui,0,0
wind,huangzhong,0,0
wind,xiahouyuan,0,0
wind,caoren,0,0
wind,weiyan,0,0
wind,zhoutai,0,0
wind,tenyear_zhangjiao,0,0
wind,yuji,0,0
wind,xiaoqiao,0,0
wind,zhangjiao,0,0
JXTP2,tenyear_xunyou,0,0
JXTP2,tenyear_wuguotai,0,0
JXTP2,tenyear_madai,0,0
JXTP2,tenyear_liru,0,0
JXTP2,tenyear_jushou,0,0
JXTP2,tenyear_chengong,0,0
JXTP2,tenyear_wangyi,0,0
JXTP2,tenyear_liuchen,0,0
JXTP2,tenyear_xiahoushi,0,0
JXTP2,tenyear_yufan,0,0
JXTP2,tenyear_bulianshi,0,0
JXTP2,tenyear_guohuanghou,0,0
JXTP2,tenyear_xushu,0,0
JXTP2,tenyear_zhuhuan,0,0
JXTP2,tenyear_liufeng,0,0
emjr,elukang,0,0
emjr,ewangyun,0,0
emjr,ezhoucang,0.0,1
emjr,elidian,0,0
emjr,echengyu,0,0
emjr,eliuzhang,0,0
emjr,ezhugeke,0,0
emjr,ezhangxingcai,0,0
YJCM2013,liru,0,0
YJCM2013,yufan,0,0
YJCM2013,zhuran,0,0
YJCM2013,fuhuanghou,0,0
YJCM2013,ol_guohuai,0,0
YJCM2013,guohuai,0,0
YJCM2013,panzhangmazhong,0,0
YJCM2013,manchong,0,0
YJCM2013,jianyong,0,0
YJCM2013,caochong,0,0
YJCM2013,guanping,0,0
YJCM2013,liufeng,0,0
jiexian_sp,jsp_guanyu,0,0
jiexian_sp,jsp_jiangwei,0,0
jiexian_sp,jsp_machao,0,0
jiexian_sp,jsp_zhaoyun,0,0
jiexian_sp,jsp_sunshangxiang,0,0
jiexian_sp,jsp_huangyueying,0,0
sp3,hucheer,0,0
sp3,second_panshu,0,0
sp3,tenyear_taoqian,0,0
sp3,gongsunkang,0,0
sp3,ruanyu,0,0
sp3,xushao,0,0
sp3,tenyear_chendeng,0,0
sp3,second_liuhong,0,0
sp3,liuye,0,0
sp3,second_caosong,0,0
sp3,liuhong,0,0
sp3,ol_dingfeng,0,0
sp3,zhaozhong,0.0,1
sp3,tenyear_quyi,0,0
sp3,second_tenyear_taoqian,0,0
sp3,hanfu,0,0
sp3,mobile_hansui,0,0
sp3,puyuan,0,0
sp3,second_liuye,0,0
sp3,tenyear_dingyuan,0,0
sp3,wangrong,0,0
sp3,second_fanyufeng,0,0
sp3,zhangling,0,0
sp3,tenyear_hucheer,0,0
sp3,tenyear_chenlin,0,0
sp3,panshu,0,0
sp3,chendeng,0,0
sp3,zhujun,0,0
sp3,second_zhangmiao,0,0
sp3,guozhao,0,0
sp3,caosong,0,0
sp3,tenyear_yangyi,0,0
sp3,second_zhuling,0,0
sp3,fanyufeng,0,0
sp3,second_tenyear_sunluyu,0,0
sp3,liubian,0,0
sp3,ol_yangyi,0,0
sp3,zhangmiao,0,0
sp3,tenyear_sunluyu,0,0
sp3,huangzu,0,0
sp3,ol_chendeng,0,0
sp3,new_mayunlu,0,0
sp3,sp_hansui,0,0
sp3,chunyuqiong,0,0
sp3,yangyi,0,0
sp3,wolongfengchu,0,0
sp7,tenyear_tengfanglan,0,0
sp7,dongguiren,0,0
sp7,zhangkai,0,0
sp7,shiyi,0,0
sp7,duanqiaoxiao,0,0
sp7,zerong,0,0
sp7,tenyearzhouxuan,0,0
sp7,zhenghun,0,0
sp7,zhangjinyun,0,0
sp7,chengbing,0,0
sp7,ol_furong,0,0
sp7,qinlang,0,0
sp7,tenyear_zhaotongzhaoguang,0,0
sp7,panghui,0,0
sp7,xuelingyun,0,0
sp7,tenyear_ruiji,0,0
sp7,zhujianping,0,0
sp7,tenyear_yangbiao,0,0
sp7,ahuinan,0,0
sp7,qiaorui,0,0
sp7,jin_zhanghua,0,0
sp7,tenyear_huojun,0,0
sp7,sunlang,0,0
sp7,zhangshiping,0,0
sp7,liupi,0,0
sp7,yuejiu,0,0
sp7,furongfuqian,0,0
sp7,mengda,0,0
sp7,yanghong,0,0
sp7,luoxian,0,0
mobilexin,mobilexin_wujing,0,0
mobilexin,second_mobilexin_mifuren,0,0
mobilexin,mobilexin_yanghu,0,0
mobilexin,mobilexin_xinpi,0,0
mobilexin,mobilexin_zhouchu,0,0
mobilexin,mobilexin_wangling,0,0
mobilexin,mobilexin_mifuren,0,0
mobilexin,mobilexin_wangfuzhaolei,0,0
mobilexin,mobilexin_kongrong,0,0
mobilexin,second_mobilexin_wangling,0,0
yue,jin_yangyan,0,0
yue,jin_yangzhi,0,0
YJCM,xusheng,0,0
YJCM,wuguotai,0,0
YJCM,chengong,0,0
YJCM,masu,0,0
YJCM,caozhi,0,0
YJCM,xushu,0,0
YJCM,zhangchunhua,0,0
YJCM,fazheng,0,0
YJCM,lingtong,0,0
YJCM,yujin,0,0
YJCM,gaoshun,0,0
YJCM,ol_masu,0.0,1
biaofeng,LiuXie_Plus,0,0
biaofeng,ZhuGeLiang_Plus,0,0
biaofeng,WangYun_Plus,0,0
biaofeng,ZhangFei_Plus,0,0
biaofeng,MengHuo_Plus,0,0
biaofeng,XiaHouYuan_Plus,0,0
biaofeng,ZhangXiu_Plus,0,0
biaofeng,GanNing_Plus,0,0
biaofeng,GuYong_Plus,0,0
biaofeng,CaoCao_Plus,0,0
biaofeng,SunLuBan_Plus,0,0
biaofeng,MaChao_Plus,0,0
biaofeng,XuChu_Plus,0,0
biaofeng,LiDian_Plus,0,0
biaofeng,CaoRen_Plus,0,0
biaofeng,MaSu_Plus,0,0
biaofeng,YangXiu_Plus,0,0
biaofeng,SunJian_Plus,0,0
biaofeng,LvMeng_Plus,0,0
biaofeng,SiMaYi_Plus,0,0
biaofeng,XiaHouDun_Plus,0,0
biaofeng,YuJi_Plus,0,0
biaofeng,DaQiao_Plus,0,0
biaofeng,ZhangJiao_Plus,0,0
biaofeng,LuXun_Plus,0,0
biaofeng,WeiYan_Plus,0,0
biaofeng,HuaXiong_Plus,0,0
biaofeng,YuJin_Plus,0,0
biaofeng,SunShangXiang_Plus,0,0
biaofeng,ZhiGuoZhuGeLiang_Plus,0,0
biaofeng,HuangYueYing_Plus,0,0
biaofeng,ZhouTai_Plus,0,0
biaofeng,GongSunZan_Plus,0,0
biaofeng,LiuBei_Plus,0,0
biaofeng,ChengYu_Plus,0,0
biaofeng,JiangWan_Plus,0,0
biaofeng,GuoJia_Plus,0,0
biaofeng,SiMaHui_Plus,0,0
biaofeng,XiaoQiao_Plus,0,0
biaofeng,HuangZhong_Plus,0,0
biaofeng,HuangGai_Plus,0,0
biaofeng,LvBu_Plus,0,0
biaofeng,ZhouYu_Plus,0,0
biaofeng,ChenDao_Plus,0,0
biaofeng,GuanYu_Plus,0,0
biaofeng,ZhaoYun_Plus,0,0
biaofeng,HuaTuo_Plus,0,0
biaofeng,SunQuan_Plus,0,0
standard,zhugeliang,0,0
standard,st_xushu,0,0
standard,diaochan,0,0
standard,lvmeng,0,0
standard,lidian,0,0
standard,st_gongsunzan,0,0
standard,zhangliao,0,0
standard,guojia,0,0
standard,st_yuanshu,0,0
standard,zhenji,0,0
standard,simayi,0,0
standard,sunquan,0,0
standard,zhaoyun,0,0
standard,ganning,0,0
standard,liubei,0,0
standard,sunshangxiang,0,0
standard,guanyu,0,0
standard,zhouyu,0,0
standard,huatuo,0,0
standard,xuchu,0,0
standard,xiahoudun,0,0
standard,luxun,0,0
standard,machao,0,0
standard,lvbu,0,0
standard,st_huaxiong,0,0
standard,huanggai,0,0
standard,daqiao,0,0
standard,zhangfei,0,0
standard,huangyueying,0,0
standard,caocao,0,0
diyzhangfei,diyzhangfei,0,0
